dataset,frame,pred_class,conf,tip_x,tip_y,gt_x,gt_y,gt_instrument,err_px,depth_mm,err_mm
1,frame169,Prograsp_Forceps_Left,0.935,975.7,432.4,906.1,471.9,Left_Prograsp_Forceps_labels,80.03,56.7,4.03
1,frame172,Bipolar_Forceps,0.264,413.7,437.0,378.4,480.0,Left_Prograsp_Forceps_labels,55.62,55.9,2.76
1,frame173,Prograsp_Forceps_Left,0.850,538.0,498.0,433.9,565.6,Left_Prograsp_Forceps_labels,124.14,52.4,5.78
1,frame177,Prograsp_Forceps_Left,0.525,553.9,491.3,434.2,547.8,Left_Prograsp_Forceps_labels,132.28,52.4,6.15
1,frame178,Prograsp_Forceps_Left,0.532,359.6,662.0,354.0,710.7,Left_Prograsp_Forceps_labels,48.97,123.9,5.39
1,frame179,Prograsp_Forceps_Right,0.334,476.1,789.5,390.2,782.5,Left_Prograsp_Forceps_labels,86.23,,
1,frame180,Prograsp_Forceps_Left,0.800,1019.8,673.5,1165.8,654.0,Right_Prograsp_Forceps_labels,147.31,61.7,8.07
1,frame180,Prograsp_Forceps_Left,0.667,475.4,764.9,397.1,780.3,Left_Prograsp_Forceps_labels,79.74,65.1,4.61
1,frame182,Prograsp_Forceps_Right,0.856,1279.7,301.7,1198.4,316.3,Right_Prograsp_Forceps_labels,82.60,,
1,frame182,Prograsp_Forceps_Left,0.810,903.5,549.5,848.3,593.1,Left_Prograsp_Forceps_labels,70.29,,
1,frame183,Prograsp_Forceps_Left,0.587,955.1,561.5,919.6,588.6,Left_Prograsp_Forceps_labels,44.60,60.7,2.41
1,frame183,Prograsp_Forceps_Right,0.428,1323.5,373.3,1283.4,382.2,Right_Prograsp_Forceps_labels,41.13,71.1,2.60
1,frame183,Prograsp_Forceps_Right,0.321,1181.2,409.9,1283.4,382.2,Right_Prograsp_Forceps_labels,105.87,,
1,frame184,Prograsp_Forceps_Left,0.772,952.7,563.7,917.5,590.2,Left_Prograsp_Forceps_labels,44.05,59.9,2.34
1,frame184,Prograsp_Forceps_Right,0.575,1338.4,370.8,1248.6,392.9,Right_Prograsp_Forceps_labels,92.43,61.1,5.02
1,frame185,Prograsp_Forceps_Right,0.710,1266.2,365.6,1165.1,440.8,Right_Prograsp_Forceps_labels,126.02,66.8,7.48
1,frame185,Prograsp_Forceps_Left,0.289,936.6,612.3,859.5,616.0,Left_Prograsp_Forceps_labels,77.25,53.8,3.69
1,frame186,Prograsp_Forceps_Left,0.807,935.4,635.3,846.7,642.3,Left_Prograsp_Forceps_labels,88.99,63.4,5.01
1,frame186,Prograsp_Forceps_Right,0.364,1184.9,550.8,1232.2,477.7,Right_Prograsp_Forceps_labels,86.98,81.3,6.28
1,frame187,Prograsp_Forceps_Left,0.387,911.9,601.8,845.8,626.4,Left_Prograsp_Forceps_labels,70.49,139.8,8.76
1,frame188,Maryland_Bipolar_Forceps,0.354,709.2,554.1,833.6,553.0,Left_Prograsp_Forceps_labels,124.42,57.6,6.36
1,frame188,Maryland_Bipolar_Forceps,0.347,888.6,554.6,833.6,553.0,Left_Prograsp_Forceps_labels,55.02,69.7,3.41
1,frame189,Prograsp_Forceps_Left,0.494,815.5,564.1,726.6,573.7,Left_Prograsp_Forceps_labels,89.40,75.2,5.97
1,frame190,Prograsp_Forceps_Right,0.938,1071.4,405.5,1034.9,543.6,Right_Prograsp_Forceps_labels,142.86,50.7,6.43
1,frame190,Prograsp_Forceps_Left,0.561,829.2,567.1,744.3,578.1,Left_Prograsp_Forceps_labels,85.70,73.9,5.62
1,frame190,Prograsp_Forceps_Left,0.268,661.4,583.2,744.3,578.1,Left_Prograsp_Forceps_labels,83.04,66.7,4.92
1,frame191,Prograsp_Forceps_Right,0.896,1087.4,395.5,1066.1,539.1,Right_Prograsp_Forceps_labels,145.19,141.9,18.30
1,frame191,Prograsp_Forceps_Left,0.574,827.9,567.6,743.0,576.6,Left_Prograsp_Forceps_labels,85.33,54.8,4.15
1,frame191,Prograsp_Forceps_Left,0.429,652.6,591.3,743.0,576.6,Left_Prograsp_Forceps_labels,91.60,66.4,5.40
1,frame192,Prograsp_Forceps_Right,0.902,1227.5,309.1,1154.1,425.7,Right_Prograsp_Forceps_labels,137.79,,
1,frame193,Prograsp_Forceps_Left,0.718,944.7,603.8,897.7,609.3,Left_Prograsp_Forceps_labels,47.33,73.1,3.07
1,frame194,Prograsp_Forceps_Left,0.818,949.0,599.1,901.9,607.2,Left_Prograsp_Forceps_labels,47.84,73.2,3.11
1,frame195,Prograsp_Forceps_Left,0.472,948.5,599.3,896.8,612.5,Left_Prograsp_Forceps_labels,53.35,73.5,3.48
1,frame196,Prograsp_Forceps_Left,0.326,942.0,608.4,884.7,614.0,Left_Prograsp_Forceps_labels,57.59,81.1,4.15
1,frame197,Prograsp_Forceps_Left,0.493,805.4,462.0,712.5,490.1,Left_Prograsp_Forceps_labels,97.12,56.2,4.85
1,frame197,Prograsp_Forceps_Right,0.474,1396.9,405.8,1485.2,391.8,Right_Prograsp_Forceps_labels,89.34,62.4,4.95
1,frame202,Prograsp_Forceps_Left,0.639,716.2,598.9,610.2,629.0,Left_Prograsp_Forceps_labels,110.21,72.9,7.14
1,frame203,Prograsp_Forceps_Left,0.371,774.7,616.5,652.6,643.6,Left_Prograsp_Forceps_labels,125.10,66.8,7.42
1,frame205,Prograsp_Forceps_Left,0.580,766.7,611.3,656.6,640.7,Left_Prograsp_Forceps_labels,113.93,74.5,7.54
1,frame206,Prograsp_Forceps_Left,0.415,766.8,609.3,656.5,643.2,Left_Prograsp_Forceps_labels,115.36,67.9,6.96
1,frame207,Prograsp_Forceps_Left,0.488,708.0,589.2,592.5,626.3,Left_Prograsp_Forceps_labels,121.36,69.0,7.44
1,frame207,Prograsp_Forceps_Right,0.289,1544.0,403.6,1566.3,416.8,Right_Prograsp_Forceps_labels,25.88,50.7,1.17
1,frame208,Prograsp_Forceps_Right,0.825,1434.2,449.3,1518.9,479.3,Right_Prograsp_Forceps_labels,89.82,64.1,5.12
1,frame208,Prograsp_Forceps_Left,0.685,705.7,565.6,592.4,604.6,Left_Prograsp_Forceps_labels,119.79,72.1,7.68
1,frame209,Prograsp_Forceps_Right,0.760,1413.8,404.4,1513.9,440.7,Right_Prograsp_Forceps_labels,106.47,57.8,5.47
1,frame209,Prograsp_Forceps_Left,0.378,710.8,574.4,604.8,608.8,Left_Prograsp_Forceps_labels,111.45,71.6,7.09
1,frame210,Prograsp_Forceps_Left,0.720,902.0,580.3,825.5,606.8,Left_Prograsp_Forceps_labels,80.96,74.3,5.34
1,frame212,Prograsp_Forceps_Right,0.872,1047.5,369.7,1038.5,503.5,Right_Prograsp_Forceps_labels,134.11,101.0,12.03
1,frame212,Prograsp_Forceps_Right,0.718,1034.7,528.1,1038.5,503.5,Right_Prograsp_Forceps_labels,24.81,84.8,1.87
1,frame212,Prograsp_Forceps_Left,0.709,639.4,614.4,544.4,644.1,Left_Prograsp_Forceps_labels,99.54,79.6,7.04
1,frame213,Prograsp_Forceps_Left,0.783,679.4,625.8,601.8,653.0,Left_Prograsp_Forceps_labels,82.22,77.7,5.67
1,frame216,Prograsp_Forceps_Left,0.635,715.8,599.2,616.1,627.1,Left_Prograsp_Forceps_labels,103.55,88.2,8.12
1,frame217,Prograsp_Forceps_Left,0.730,705.3,573.2,618.1,600.3,Left_Prograsp_Forceps_labels,91.27,73.6,5.97
1,frame218,Prograsp_Forceps_Right,0.384,1534.8,567.3,1567.0,610.4,Right_Prograsp_Forceps_labels,53.78,75.3,3.60
1,frame218,Prograsp_Forceps_Right,0.326,1537.8,554.4,1567.0,610.4,Right_Prograsp_Forceps_labels,63.15,,
1,frame219,Prograsp_Forceps_Left,0.540,742.9,558.6,649.1,563.9,Left_Prograsp_Forceps_labels,94.00,78.7,6.57
2,frame177,Prograsp_Forceps_Right,0.901,1379.2,529.4,1479.1,570.5,Right_Prograsp_Forceps_labels,108.10,50.8,4.87
2,frame179,Prograsp_Forceps_Left,0.683,853.8,676.9,966.8,682.7,Left_Prograsp_Forceps_labels,113.11,50.8,5.09
2,frame180,Prograsp_Forceps_Left,0.646,950.9,893.0,979.3,905.4,Left_Prograsp_Forceps_labels,30.96,51.5,1.41
2,frame181,Prograsp_Forceps_Left,0.431,936.4,924.5,1017.9,937.4,Left_Prograsp_Forceps_labels,82.47,55.0,4.02
2,frame182,Prograsp_Forceps_Left,0.897,973.3,837.1,1017.7,846.7,Left_Prograsp_Forceps_labels,45.40,,
2,frame183,Prograsp_Forceps_Left,0.411,937.1,671.7,1013.6,670.4,Left_Prograsp_Forceps_labels,76.48,,
2,frame187,Prograsp_Forceps_Left,0.926,1160.0,340.1,1010.6,350.4,Left_Prograsp_Forceps_labels,149.77,63.5,8.43
2,frame188,Prograsp_Forceps_Left,0.927,1130.1,310.3,989.5,314.9,Left_Prograsp_Forceps_labels,140.67,55.0,6.85
2,frame190,Prograsp_Forceps_Left,0.940,1121.5,425.0,978.5,457.9,Left_Prograsp_Forceps_labels,146.76,65.3,8.50
2,frame193,Prograsp_Forceps_Left,0.932,1089.5,617.8,946.9,660.3,Left_Prograsp_Forceps_labels,148.79,62.0,8.18
2,frame194,Prograsp_Forceps_Left,0.851,925.2,773.9,918.7,787.4,Left_Prograsp_Forceps_labels,15.00,53.5,0.71
2,frame195,Prograsp_Forceps_Left,0.848,926.4,770.0,928.4,783.0,Left_Prograsp_Forceps_labels,13.16,50.8,0.59
2,frame197,Prograsp_Forceps_Left,0.809,590.4,562.9,463.9,604.4,Left_Prograsp_Forceps_labels,133.11,76.6,9.03
2,frame198,Prograsp_Forceps_Right,0.912,1361.7,634.0,1474.8,651.9,Right_Prograsp_Forceps_labels,114.45,,
2,frame199,Prograsp_Forceps_Left,0.899,1255.3,388.6,1158.0,378.8,Left_Prograsp_Forceps_labels,97.88,78.1,6.77
2,frame199,Prograsp_Forceps_Right,0.873,1499.1,582.0,1545.2,600.7,Right_Prograsp_Forceps_labels,49.74,74.6,3.29
2,frame200,Prograsp_Forceps_Left,0.929,1237.6,393.6,1141.4,385.9,Left_Prograsp_Forceps_labels,96.57,72.9,6.24
2,frame200,Prograsp_Forceps_Right,0.894,1442.3,583.2,1513.7,603.2,Right_Prograsp_Forceps_labels,74.22,67.8,4.46
2,frame201,Prograsp_Forceps_Right,0.892,1345.0,572.4,1468.0,568.4,Right_Prograsp_Forceps_labels,123.15,,
2,frame202,Prograsp_Forceps_Right,0.931,1320.0,597.1,1455.5,597.8,Right_Prograsp_Forceps_labels,135.54,,
2,frame203,Prograsp_Forceps_Right,0.942,1321.4,592.5,1457.3,592.0,Right_Prograsp_Forceps_labels,135.95,,
2,frame204,Prograsp_Forceps_Right,0.943,1319.7,537.0,1455.8,537.6,Right_Prograsp_Forceps_labels,136.14,,
2,frame205,Prograsp_Forceps_Right,0.947,1333.0,510.9,1463.2,509.2,Right_Prograsp_Forceps_labels,130.23,54.6,6.30
2,frame206,Prograsp_Forceps_Right,0.942,1332.5,509.9,1461.3,508.6,Right_Prograsp_Forceps_labels,128.74,54.7,6.24
2,frame207,Prograsp_Forceps_Right,0.939,1331.6,510.1,1460.8,505.5,Right_Prograsp_Forceps_labels,129.28,54.1,6.19
2,frame208,Prograsp_Forceps_Right,0.928,1331.8,509.2,1460.7,506.7,Right_Prograsp_Forceps_labels,128.92,,
2,frame209,Prograsp_Forceps_Right,0.937,1334.8,511.2,1463.8,505.8,Right_Prograsp_Forceps_labels,129.16,,
2,frame210,Prograsp_Forceps_Right,0.943,1336.5,512.0,1465.4,504.9,Right_Prograsp_Forceps_labels,129.13,,
2,frame211,Prograsp_Forceps_Right,0.944,1336.4,513.1,1465.4,505.9,Right_Prograsp_Forceps_labels,129.18,55.1,6.31
2,frame212,Prograsp_Forceps_Right,0.946,1332.9,512.9,1463.8,507.7,Right_Prograsp_Forceps_labels,131.01,,
2,frame213,Prograsp_Forceps_Right,0.941,1332.6,510.4,1462.4,508.2,Right_Prograsp_Forceps_labels,129.79,54.8,6.30
2,frame214,Prograsp_Forceps_Right,0.939,1332.5,509.2,1461.6,507.3,Right_Prograsp_Forceps_labels,129.11,54.2,6.21
2,frame215,Prograsp_Forceps_Right,0.933,1324.8,509.4,1460.8,507.8,Right_Prograsp_Forceps_labels,136.03,,
2,frame216,Prograsp_Forceps_Right,0.943,1331.9,506.7,1460.5,503.8,Right_Prograsp_Forceps_labels,128.63,59.9,6.83
2,frame217,Prograsp_Forceps_Right,0.932,1343.3,503.9,1466.2,501.6,Right_Prograsp_Forceps_labels,122.90,,
2,frame218,Prograsp_Forceps_Right,0.936,1344.7,498.6,1468.8,496.4,Right_Prograsp_Forceps_labels,124.14,,
2,frame219,Prograsp_Forceps_Right,0.934,1343.8,500.3,1467.9,498.4,Right_Prograsp_Forceps_labels,124.14,54.1,5.96
2,frame220,Prograsp_Forceps_Right,0.937,1342.4,501.7,1464.2,498.8,Right_Prograsp_Forceps_labels,121.84,,
2,frame221,Prograsp_Forceps_Right,0.937,1332.3,503.6,1461.2,502.9,Right_Prograsp_Forceps_labels,128.99,,
2,frame221,Prograsp_Forceps_Left,0.815,500.7,499.3,414.5,520.2,Left_Prograsp_Forceps_labels,88.65,70.7,5.56
2,frame221,Prograsp_Forceps_Right,0.270,512.7,532.2,414.5,520.2,Left_Prograsp_Forceps_labels,98.95,54.8,4.81
2,frame222,Prograsp_Forceps_Right,0.942,1332.9,502.3,1462.7,500.1,Right_Prograsp_Forceps_labels,129.84,,
2,frame223,Prograsp_Forceps_Right,0.925,1344.0,496.3,1468.2,492.1,Right_Prograsp_Forceps_labels,124.35,,
2,frame224,Prograsp_Forceps_Right,0.914,1365.2,491.5,1477.0,487.1,Right_Prograsp_Forceps_labels,111.87,,
3,frame169,Large_Needle_Driver_Right,0.968,1017.7,629.8,1061.2,619.2,Right_Large_Needle_Driver_labels,44.79,,
3,frame169,Large_Needle_Driver_Left,0.960,778.1,450.7,714.1,458.0,Left_Large_Needle_Driver_labels,64.38,,
3,frame170,Large_Needle_Driver_Left,0.919,622.5,306.5,535.5,312.4,Left_Large_Needle_Driver_labels,87.18,,
3,frame171,Large_Needle_Driver_Right,0.959,1049.9,493.1,1005.7,482.0,Right_Large_Needle_Driver_labels,45.61,67.0,2.68
3,frame171,Large_Needle_Driver_Left,0.478,970.9,459.2,1005.7,482.0,Right_Large_Needle_Driver_labels,41.58,,
3,frame171,Large_Needle_Driver_Right,0.309,496.8,544.8,411.3,543.8,Left_Large_Needle_Driver_labels,85.53,,
3,frame172,Large_Needle_Driver_Right,0.886,963.1,579.2,987.7,557.2,Right_Large_Needle_Driver_labels,32.98,,
3,frame172,Large_Needle_Driver_Left,0.843,514.8,420.7,408.5,425.8,Left_Large_Needle_Driver_labels,106.35,,
3,frame173,Large_Needle_Driver_Right,0.971,991.3,348.2,963.9,340.1,Right_Large_Needle_Driver_labels,28.55,,
3,frame173,Large_Needle_Driver_Left,0.793,493.6,430.0,406.8,434.7,Left_Large_Needle_Driver_labels,86.87,,
3,frame174,Large_Needle_Driver_Left,0.551,710.8,388.1,646.5,405.4,Left_Large_Needle_Driver_labels,66.68,,
3,frame174,Large_Needle_Driver_Left,0.487,717.9,504.8,646.5,405.4,Left_Large_Needle_Driver_labels,122.35,54.8,5.89
3,frame175,Large_Needle_Driver_Right,0.965,980.0,543.3,1045.4,543.5,Right_Large_Needle_Driver_labels,65.47,,
3,frame175,Large_Needle_Driver_Left,0.934,660.4,396.5,583.1,410.2,Left_Large_Needle_Driver_labels,78.51,,
3,frame176,Large_Needle_Driver_Right,0.967,987.6,493.7,1009.1,493.3,Right_Large_Needle_Driver_labels,21.46,72.8,1.37
3,frame176,Large_Needle_Driver_Left,0.944,852.2,397.2,804.9,399.5,Left_Large_Needle_Driver_labels,47.31,52.4,2.17
3,frame177,Large_Needle_Driver_Right,0.972,982.1,381.4,1048.3,368.0,Right_Large_Needle_Driver_labels,67.53,,
3,frame177,Large_Needle_Driver_Left,0.952,714.0,472.6,828.7,493.3,Left_Large_Needle_Driver_labels,116.56,,
3,frame177,Large_Needle_Driver_Left,0.787,931.0,504.9,828.7,493.3,Left_Large_Needle_Driver_labels,102.91,,
3,frame178,Large_Needle_Driver_Right,0.968,1219.5,629.4,1326.8,617.6,Right_Large_Needle_Driver_labels,107.89,,
3,frame178,Large_Needle_Driver_Left,0.932,634.8,344.2,528.4,333.9,Left_Large_Needle_Driver_labels,106.92,,
3,frame179,Large_Needle_Driver_Right,0.965,1169.1,346.4,1289.9,336.6,Right_Large_Needle_Driver_labels,121.19,53.7,5.70
3,frame179,Large_Needle_Driver_Left,0.956,724.0,401.9,656.2,391.7,Left_Large_Needle_Driver_labels,68.56,,
3,frame180,Large_Needle_Driver_Right,0.971,1035.7,351.7,1144.9,318.2,Right_Large_Needle_Driver_labels,114.25,52.8,5.29
3,frame180,Large_Needle_Driver_Left,0.952,822.3,458.8,826.4,466.2,Left_Large_Needle_Driver_labels,8.49,,
3,frame181,Large_Needle_Driver_Right,0.968,992.6,409.3,986.2,408.9,Right_Large_Needle_Driver_labels,6.37,,
3,frame181,Large_Needle_Driver_Left,0.954,753.2,414.9,807.3,410.9,Left_Large_Needle_Driver_labels,54.24,,
3,frame182,Large_Needle_Driver_Right,0.968,971.4,389.8,955.2,386.7,Right_Large_Needle_Driver_labels,16.59,,
3,frame182,Large_Needle_Driver_Left,0.941,728.7,403.5,784.4,385.0,Left_Large_Needle_Driver_labels,58.73,112.5,5.79
3,frame183,Large_Needle_Driver_Right,0.972,1065.7,428.7,1102.9,418.7,Right_Large_Needle_Driver_labels,38.54,,
3,frame183,Large_Needle_Driver_Left,0.966,753.4,431.2,796.4,427.8,Left_Large_Needle_Driver_labels,43.08,,
3,frame184,Large_Needle_Driver_Right,0.939,895.3,419.4,928.4,412.7,Right_Large_Needle_Driver_labels,33.80,72.1,2.14
3,frame184,Large_Needle_Driver_Left,0.935,791.9,432.8,775.7,443.6,Left_Large_Needle_Driver_labels,19.50,,
3,frame185,Large_Needle_Driver_Right,0.968,981.6,405.5,1001.2,399.5,Right_Large_Needle_Driver_labels,20.45,,
3,frame185,Large_Needle_Driver_Left,0.948,830.6,479.0,774.6,482.2,Left_Large_Needle_Driver_labels,56.08,,
3,frame186,Large_Needle_Driver_Right,0.969,950.2,434.3,954.6,433.4,Right_Large_Needle_Driver_labels,4.56,,
3,frame186,Large_Needle_Driver_Left,0.956,778.6,461.8,735.8,461.1,Left_Large_Needle_Driver_labels,42.83,,
3,frame187,Large_Needle_Driver_Right,0.975,982.7,428.7,999.9,415.5,Right_Large_Needle_Driver_labels,21.74,,
3,frame187,Large_Needle_Driver_Left,0.941,819.1,500.1,792.8,510.9,Left_Large_Needle_Driver_labels,28.39,52.4,1.30
3,frame188,Large_Needle_Driver_Right,0.972,948.2,227.4,952.9,204.7,Right_Large_Needle_Driver_labels,23.17,,
3,frame188,Large_Needle_Driver_Left,0.954,866.0,619.0,832.1,626.4,Left_Large_Needle_Driver_labels,34.68,,
3,frame189,Large_Needle_Driver_Right,0.963,906.6,192.7,907.8,165.7,Right_Large_Needle_Driver_labels,27.05,52.4,1.24
3,frame189,Large_Needle_Driver_Left,0.953,864.1,674.3,837.6,685.3,Left_Large_Needle_Driver_labels,28.67,,
3,frame190,Large_Needle_Driver_Right,0.963,901.7,163.3,921.5,142.2,Right_Large_Needle_Driver_labels,28.90,54.1,1.37
3,frame190,Large_Needle_Driver_Left,0.952,870.0,662.6,835.6,676.5,Left_Large_Needle_Driver_labels,37.10,,
3,frame191,Large_Needle_Driver_Right,0.970,1002.0,486.3,1099.5,463.2,Right_Large_Needle_Driver_labels,100.16,,
3,frame191,Large_Needle_Driver_Left,0.961,725.8,500.6,784.3,491.2,Left_Large_Needle_Driver_labels,59.21,,
3,frame192,Large_Needle_Driver_Right,0.970,1025.7,430.9,1075.0,414.3,Right_Large_Needle_Driver_labels,52.03,,
3,frame192,Large_Needle_Driver_Left,0.955,827.6,646.4,818.9,661.8,Left_Large_Needle_Driver_labels,17.75,52.4,0.82
3,frame193,Large_Needle_Driver_Right,0.969,1017.3,576.1,1082.4,567.2,Right_Large_Needle_Driver_labels,65.65,,
3,frame193,Large_Needle_Driver_Left,0.957,824.3,675.1,813.2,694.0,Left_Large_Needle_Driver_labels,21.92,55.0,1.06
3,frame194,Large_Needle_Driver_Right,0.969,1034.6,575.5,1102.3,564.2,Right_Large_Needle_Driver_labels,68.64,,
3,frame194,Large_Needle_Driver_Left,0.963,751.0,520.0,725.7,523.6,Left_Large_Needle_Driver_labels,25.52,53.5,1.20
3,frame195,Large_Needle_Driver_Right,0.965,1005.4,533.3,1056.4,521.9,Right_Large_Needle_Driver_labels,52.26,,
3,frame195,Large_Needle_Driver_Left,0.957,801.4,628.6,788.1,644.2,Left_Large_Needle_Driver_labels,20.48,52.7,0.95
3,frame196,Large_Needle_Driver_Right,0.967,1021.7,538.2,1076.9,525.8,Right_Large_Needle_Driver_labels,56.57,,
3,frame196,Large_Needle_Driver_Left,0.949,814.9,682.3,758.3,680.2,Left_Large_Needle_Driver_labels,56.61,56.6,2.81
3,frame197,Large_Needle_Driver_Right,0.965,1036.7,711.9,1111.6,701.1,Right_Large_Needle_Driver_labels,75.64,,
3,frame197,Large_Needle_Driver_Left,0.949,791.2,388.8,770.6,390.2,Left_Large_Needle_Driver_labels,20.66,,
3,frame198,Large_Needle_Driver_Right,0.972,1124.2,986.1,1214.7,989.4,Right_Large_Needle_Driver_labels,90.50,,
3,frame198,Large_Needle_Driver_Left,0.947,791.0,414.3,777.0,411.6,Left_Large_Needle_Driver_labels,14.30,,
3,frame199,Large_Needle_Driver_Right,0.958,1224.3,965.5,1219.0,1013.5,Right_Large_Needle_Driver_labels,48.30,,
3,frame199,Large_Needle_Driver_Left,0.954,787.2,424.9,770.1,424.6,Left_Large_Needle_Driver_labels,17.13,,
3,frame200,Large_Needle_Driver_Left,0.968,778.4,484.1,836.8,491.8,Left_Large_Needle_Driver_labels,58.91,,
3,frame200,Large_Needle_Driver_Right,0.964,1004.4,572.8,1107.3,542.4,Right_Large_Needle_Driver_labels,107.37,,
3,frame201,Large_Needle_Driver_Right,0.969,991.4,458.0,1003.1,449.5,Right_Large_Needle_Driver_labels,14.49,,
3,frame201,Large_Needle_Driver_Left,0.931,736.7,448.7,759.9,450.1,Left_Large_Needle_Driver_labels,23.22,,
3,frame202,Large_Needle_Driver_Right,0.977,1002.2,428.3,1011.8,417.5,Right_Large_Needle_Driver_labels,14.46,,
3,frame202,Large_Needle_Driver_Left,0.951,734.0,495.4,777.8,490.5,Left_Large_Needle_Driver_labels,43.98,,
3,frame203,Large_Needle_Driver_Right,0.967,1065.7,449.7,1097.4,431.9,Right_Large_Needle_Driver_labels,36.32,52.4,1.67
3,frame203,Large_Needle_Driver_Left,0.916,685.6,379.6,728.3,360.8,Left_Large_Needle_Driver_labels,46.71,95.7,3.92
3,frame204,Large_Needle_Driver_Right,0.969,1055.0,438.5,1090.5,418.0,Right_Large_Needle_Driver_labels,41.00,,
3,frame204,Large_Needle_Driver_Left,0.922,777.4,373.5,745.8,379.9,Left_Large_Needle_Driver_labels,32.19,,
3,frame205,Large_Needle_Driver_Right,0.969,983.7,443.2,975.7,443.2,Right_Large_Needle_Driver_labels,7.99,,
3,frame205,Large_Needle_Driver_Left,0.953,804.6,438.6,744.1,452.9,Left_Large_Needle_Driver_labels,62.18,68.5,3.73
3,frame206,Large_Needle_Driver_Right,0.971,959.5,445.4,952.0,445.8,Right_Large_Needle_Driver_labels,7.52,63.5,0.42
3,frame206,Large_Needle_Driver_Left,0.954,738.4,459.5,800.8,448.4,Left_Large_Needle_Driver_labels,63.29,,
3,frame207,Large_Needle_Driver_Right,0.970,963.5,447.3,959.0,447.5,Right_Large_Needle_Driver_labels,4.58,,
3,frame207,Large_Needle_Driver_Left,0.961,751.1,438.3,789.6,435.8,Left_Large_Needle_Driver_labels,38.62,,
3,frame208,Large_Needle_Driver_Right,0.975,998.2,393.6,987.0,389.1,Right_Large_Needle_Driver_labels,12.11,,
3,frame208,Large_Needle_Driver_Left,0.948,744.8,478.2,706.4,490.1,Left_Large_Needle_Driver_labels,40.21,,
3,frame209,Large_Needle_Driver_Left,0.958,766.8,495.1,729.8,511.5,Left_Large_Needle_Driver_labels,40.41,,
3,frame210,Large_Needle_Driver_Left,0.961,798.3,404.7,796.3,397.1,Left_Large_Needle_Driver_labels,7.84,52.4,0.36
3,frame210,Large_Needle_Driver_Right,0.960,1213.4,394.5,1353.7,368.6,Right_Large_Needle_Driver_labels,142.75,55.7,6.98
3,frame211,Large_Needle_Driver_Left,0.948,785.9,400.6,746.8,405.4,Left_Large_Needle_Driver_labels,39.37,,
3,frame212,Large_Needle_Driver_Left,0.947,804.1,373.4,751.8,377.1,Left_Large_Needle_Driver_labels,52.45,,
3,frame212,Large_Needle_Driver_Right,0.912,1193.5,612.6,1298.7,571.8,Right_Large_Needle_Driver_labels,112.81,,
3,frame213,Large_Needle_Driver_Right,0.974,989.9,427.3,974.5,437.8,Right_Large_Needle_Driver_labels,18.62,,
3,frame213,Large_Needle_Driver_Left,0.957,742.5,474.2,734.2,481.0,Left_Large_Needle_Driver_labels,10.71,52.4,0.49
3,frame214,Large_Needle_Driver_Right,0.972,959.0,312.1,967.8,301.5,Right_Large_Needle_Driver_labels,13.75,,
3,frame214,Large_Needle_Driver_Left,0.941,772.2,365.3,769.8,367.6,Left_Large_Needle_Driver_labels,3.36,,
3,frame215,Large_Needle_Driver_Left,0.946,740.7,373.0,672.2,385.0,Left_Large_Needle_Driver_labels,69.59,,
3,frame215,Large_Needle_Driver_Right,0.865,1305.3,729.0,1436.4,720.9,Right_Large_Needle_Driver_labels,131.41,,
3,frame216,Large_Needle_Driver_Right,0.969,987.8,402.0,950.4,433.5,Right_Large_Needle_Driver_labels,48.89,,
3,frame216,Large_Needle_Driver_Left,0.942,683.7,365.7,754.3,348.2,Left_Large_Needle_Driver_labels,72.75,,
3,frame217,Large_Needle_Driver_Right,0.973,942.0,362.1,940.3,359.5,Right_Large_Needle_Driver_labels,3.13,52.9,0.15
3,frame217,Large_Needle_Driver_Left,0.948,740.9,440.7,754.8,434.8,Left_Large_Needle_Driver_labels,15.15,127.6,1.70
3,frame218,Large_Needle_Driver_Right,0.973,955.8,378.0,941.3,379.2,Right_Large_Needle_Driver_labels,14.55,52.4,0.67
3,frame218,Large_Needle_Driver_Left,0.944,725.2,442.5,781.1,431.7,Left_Large_Needle_Driver_labels,56.97,,
3,frame219,Large_Needle_Driver_Right,0.970,917.6,391.0,898.2,381.1,Right_Large_Needle_Driver_labels,21.83,,
3,frame219,Large_Needle_Driver_Left,0.924,663.5,393.7,712.5,383.5,Left_Large_Needle_Driver_labels,49.99,143.2,6.28
3,frame220,Large_Needle_Driver_Right,0.969,1083.0,373.5,1117.1,347.6,Right_Large_Needle_Driver_labels,42.89,,
3,frame220,Large_Needle_Driver_Left,0.951,723.1,415.7,722.1,415.8,Left_Large_Needle_Driver_labels,0.97,54.2,0.05
3,frame221,Large_Needle_Driver_Right,0.960,1074.8,367.6,1121.9,328.9,Right_Large_Needle_Driver_labels,60.96,,
3,frame221,Large_Needle_Driver_Left,0.950,839.1,661.0,800.9,667.2,Left_Large_Needle_Driver_labels,38.75,,
3,frame222,Large_Needle_Driver_Right,0.972,988.1,308.1,973.9,289.1,Right_Large_Needle_Driver_labels,23.72,,
3,frame222,Large_Needle_Driver_Left,0.960,867.4,735.3,834.3,748.8,Left_Large_Needle_Driver_labels,35.78,,
3,frame223,Large_Needle_Driver_Left,0.953,857.9,775.8,840.4,793.5,Left_Large_Needle_Driver_labels,24.96,,
3,frame223,Large_Needle_Driver_Right,0.941,973.9,289.8,921.3,252.5,Right_Large_Needle_Driver_labels,64.47,,
3,frame224,Large_Needle_Driver_Left,0.956,790.6,431.9,716.8,440.2,Left_Large_Needle_Driver_labels,74.26,,
4,frame169,Large_Needle_Driver_Right,0.943,1099.4,386.1,1073.5,364.7,Large_Needle_Driver_Right_labels,33.65,82.5,2.48
4,frame169,Large_Needle_Driver_Left,0.469,698.8,487.7,703.9,489.4,Large_Needle_Driver_Left_labels,5.34,,
4,frame169,Large_Needle_Driver_Left,0.455,597.0,555.7,703.9,489.4,Large_Needle_Driver_Left_labels,125.81,69.8,7.84
4,frame170,Large_Needle_Driver_Right,0.940,1131.2,382.7,1118.7,370.8,Large_Needle_Driver_Right_labels,17.29,79.3,1.22
4,frame170,Large_Needle_Driver_Left,0.560,596.9,556.1,703.8,488.8,Large_Needle_Driver_Left_labels,126.38,70.3,7.93
4,frame170,Large_Needle_Driver_Left,0.355,702.5,489.7,703.8,488.8,Large_Needle_Driver_Left_labels,1.62,,
4,frame171,Large_Needle_Driver_Left,0.935,984.6,493.8,1021.2,501.1,Large_Needle_Driver_Left_labels,37.36,88.4,2.95
4,frame171,Large_Needle_Driver_Right,0.841,1341.1,440.3,1413.6,440.9,Large_Needle_Driver_Right_labels,72.49,74.7,4.83
4,frame172,Large_Needle_Driver_Left,0.942,1114.3,473.1,1203.6,482.4,Large_Needle_Driver_Left_labels,89.70,71.4,5.71
4,frame172,Large_Needle_Driver_Right,0.903,1325.8,473.4,1395.0,476.3,Large_Needle_Driver_Right_labels,69.29,69.5,4.30
4,frame173,Large_Needle_Driver_Right,0.957,1185.3,506.0,1155.5,521.4,Large_Needle_Driver_Right_labels,33.60,95.6,2.87
4,frame173,Large_Needle_Driver_Left,0.878,735.7,233.7,750.6,215.5,Large_Needle_Driver_Left_labels,23.53,,
4,frame174,Large_Needle_Driver_Left,0.926,731.9,341.6,798.0,341.7,Large_Needle_Driver_Left_labels,66.16,75.1,4.43
4,frame174,Large_Needle_Driver_Left,0.565,976.8,187.1,946.0,179.9,Large_Needle_Driver_Right_labels,31.64,56.9,1.61
4,frame174,Large_Needle_Driver_Right,0.511,976.6,187.1,946.0,179.9,Large_Needle_Driver_Right_labels,31.49,56.9,1.60
4,frame175,Large_Needle_Driver_Right,0.971,970.5,248.5,929.5,229.0,Large_Needle_Driver_Right_labels,45.49,57.3,2.33
4,frame175,Large_Needle_Driver_Left,0.904,716.9,363.8,815.9,334.5,Large_Needle_Driver_Left_labels,103.28,63.4,5.84
4,frame176,Large_Needle_Driver_Right,0.861,1268.7,465.9,1136.3,433.2,Large_Needle_Driver_Right_labels,136.40,,
4,frame176,Large_Needle_Driver_Left,0.804,796.3,248.8,847.8,227.2,Large_Needle_Driver_Left_labels,55.90,67.8,3.38
4,frame177,Large_Needle_Driver_Right,0.974,1019.2,442.2,975.1,445.2,Large_Needle_Driver_Right_labels,44.20,71.6,2.83
4,frame177,Large_Needle_Driver_Left,0.924,818.6,223.2,830.6,200.7,Large_Needle_Driver_Left_labels,25.49,69.4,1.58
4,frame178,Large_Needle_Driver_Right,0.920,1129.4,245.1,1146.0,224.1,Large_Needle_Driver_Right_labels,26.77,69.4,1.66
4,frame178,Large_Needle_Driver_Left,0.481,760.4,403.0,743.2,387.0,Large_Needle_Driver_Left_labels,23.46,65.1,1.36
4,frame179,Large_Needle_Driver_Left,0.937,890.9,454.9,900.7,455.5,Large_Needle_Driver_Left_labels,9.83,66.5,0.58
4,frame179,Large_Needle_Driver_Right,0.885,1111.1,223.0,1118.4,198.6,Large_Needle_Driver_Right_labels,25.45,69.7,1.58
4,frame180,Large_Needle_Driver_Left,0.715,951.4,401.8,972.9,416.4,Large_Needle_Driver_Left_labels,26.01,70.7,1.64
4,frame180,Large_Needle_Driver_Right,0.594,1084.9,328.2,1017.3,340.0,Large_Needle_Driver_Right_labels,68.68,64.2,3.93
4,frame181,Large_Needle_Driver_Right,0.924,1213.7,397.4,1106.2,347.4,Large_Needle_Driver_Right_labels,118.51,68.7,7.26
4,frame181,Large_Needle_Driver_Left,0.633,846.5,322.6,845.6,302.3,Large_Needle_Driver_Left_labels,20.25,70.4,1.27
4,frame182,Large_Needle_Driver_Left,0.901,907.9,342.5,905.9,324.6,Large_Needle_Driver_Left_labels,18.04,76.1,1.23
4,frame182,Large_Needle_Driver_Right,0.861,1063.6,351.9,1062.3,340.5,Large_Needle_Driver_Right_labels,11.49,73.6,0.75
4,frame183,Large_Needle_Driver_Left,0.928,902.0,358.0,932.4,338.6,Large_Needle_Driver_Left_labels,36.06,69.4,2.23
4,frame183,Large_Needle_Driver_Right,0.756,1057.2,379.2,1056.6,361.3,Large_Needle_Driver_Right_labels,17.89,65.4,1.04
4,frame184,Large_Needle_Driver_Left,0.860,918.5,376.4,953.6,358.8,Large_Needle_Driver_Left_labels,39.23,68.1,2.39
4,frame184,Large_Needle_Driver_Right,0.724,1097.2,390.4,1090.8,365.5,Large_Needle_Driver_Right_labels,25.71,69.3,1.59
4,frame185,Large_Needle_Driver_Right,0.945,1081.7,377.6,1124.9,363.8,Large_Needle_Driver_Right_labels,45.35,75.8,3.07
4,frame185,Large_Needle_Driver_Left,0.894,781.7,480.1,782.4,477.9,Large_Needle_Driver_Left_labels,2.22,76.3,0.15
4,frame186,Large_Needle_Driver_Right,0.957,1118.5,392.9,1135.6,381.9,Large_Needle_Driver_Right_labels,20.23,67.7,1.22
4,frame186,Large_Needle_Driver_Left,0.770,684.9,485.8,816.1,442.1,Large_Needle_Driver_Left_labels,138.28,69.5,8.57
4,frame187,Large_Needle_Driver_Right,0.962,1106.7,382.5,1090.7,397.2,Large_Needle_Driver_Right_labels,21.76,63.8,1.24
4,frame187,Large_Needle_Driver_Left,0.714,780.0,438.1,788.2,436.0,Large_Needle_Driver_Left_labels,8.54,73.5,0.56
4,frame187,Large_Needle_Driver_Left,0.316,670.3,482.2,788.2,436.0,Large_Needle_Driver_Left_labels,126.62,61.1,6.90
4,frame188,Large_Needle_Driver_Right,0.965,1054.2,353.4,1036.2,377.1,Large_Needle_Driver_Right_labels,29.71,70.7,1.87
4,frame188,Large_Needle_Driver_Left,0.900,781.3,492.3,800.4,495.1,Large_Needle_Driver_Left_labels,19.30,74.5,1.28
4,frame189,Large_Needle_Driver_Right,0.969,1064.2,357.2,1044.8,375.7,Large_Needle_Driver_Right_labels,26.82,71.4,1.71
4,frame189,Large_Needle_Driver_Left,0.854,815.7,561.3,837.8,584.7,Large_Needle_Driver_Left_labels,32.26,84.0,2.42
4,frame190,Large_Needle_Driver_Right,0.968,1056.3,355.8,1040.0,370.0,Large_Needle_Driver_Right_labels,21.67,71.1,1.37
4,frame190,Large_Needle_Driver_Left,0.940,867.8,427.0,898.6,430.1,Large_Needle_Driver_Left_labels,30.91,86.6,2.39
4,frame191,Large_Needle_Driver_Right,0.964,1042.1,340.6,1010.9,364.4,Large_Needle_Driver_Right_labels,39.22,66.3,2.32
4,frame191,Large_Needle_Driver_Left,0.946,876.4,402.4,918.0,398.7,Large_Needle_Driver_Left_labels,41.78,84.4,3.15
4,frame192,Large_Needle_Driver_Right,0.970,1000.1,380.9,978.4,399.2,Large_Needle_Driver_Right_labels,28.34,76.1,1.93
4,frame192,Large_Needle_Driver_Left,0.957,868.8,396.4,919.3,392.5,Large_Needle_Driver_Left_labels,50.63,82.5,3.73
4,frame193,Large_Needle_Driver_Right,0.964,1025.5,416.3,995.1,418.3,Large_Needle_Driver_Right_labels,30.42,78.0,2.12
4,frame193,Large_Needle_Driver_Left,0.952,877.2,396.7,914.7,391.7,Large_Needle_Driver_Left_labels,37.89,83.9,2.84
4,frame194,Large_Needle_Driver_Right,0.964,1010.6,478.2,984.2,474.8,Large_Needle_Driver_Right_labels,26.59,80.2,1.90
4,frame194,Large_Needle_Driver_Left,0.938,842.3,389.6,883.9,385.7,Large_Needle_Driver_Left_labels,41.87,85.4,3.19
4,frame195,Large_Needle_Driver_Right,0.970,1006.5,498.7,962.6,497.1,Large_Needle_Driver_Right_labels,43.90,79.9,3.13
4,frame195,Large_Needle_Driver_Left,0.899,783.6,395.2,798.9,386.6,Large_Needle_Driver_Left_labels,17.51,,
4,frame196,Large_Needle_Driver_Right,0.969,1009.0,491.0,961.0,487.0,Large_Needle_Driver_Right_labels,48.09,79.9,3.43
4,frame196,Large_Needle_Driver_Left,0.923,859.6,443.6,889.3,420.7,Large_Needle_Driver_Left_labels,37.50,81.4,2.72
4,frame197,Large_Needle_Driver_Right,0.962,1008.4,445.5,1008.9,430.1,Large_Needle_Driver_Right_labels,15.41,72.7,1.00
4,frame197,Large_Needle_Driver_Left,0.935,832.0,434.2,875.6,437.0,Large_Needle_Driver_Left_labels,43.68,82.4,3.21
4,frame198,Large_Needle_Driver_Right,0.967,1028.1,430.2,1001.0,441.3,Large_Needle_Driver_Right_labels,29.33,78.7,2.06
4,frame198,Large_Needle_Driver_Left,0.530,630.2,309.0,610.3,292.5,Large_Needle_Driver_Left_labels,25.82,77.3,1.78
4,frame199,Large_Needle_Driver_Right,0.967,949.6,516.5,874.6,517.6,Large_Needle_Driver_Right_labels,75.03,68.9,4.61
4,frame199,Large_Needle_Driver_Left,0.393,689.6,283.7,790.8,314.4,Large_Needle_Driver_Left_labels,105.77,77.3,7.30
4,frame200,Large_Needle_Driver_Right,0.967,904.5,545.4,887.7,560.1,Large_Needle_Driver_Right_labels,22.30,58.7,1.17
4,frame200,Prograsp_Forceps_Right,0.797,810.2,337.1,839.7,323.4,Large_Needle_Driver_Left_labels,32.51,94.0,2.73
4,frame201,Large_Needle_Driver_Left,0.949,841.4,347.4,880.4,338.2,Large_Needle_Driver_Left_labels,40.03,87.4,3.12
4,frame201,Large_Needle_Driver_Right,0.945,901.1,541.2,877.7,562.0,Large_Needle_Driver_Right_labels,31.32,58.5,1.64
4,frame202,Large_Needle_Driver_Left,0.943,832.7,347.9,879.4,338.5,Large_Needle_Driver_Left_labels,47.60,86.9,3.69
4,frame202,Large_Needle_Driver_Right,0.841,934.6,513.9,876.6,561.0,Large_Needle_Driver_Right_labels,74.73,58.8,3.92
4,frame203,Large_Needle_Driver_Right,0.970,898.3,533.9,880.3,550.5,Large_Needle_Driver_Right_labels,24.48,60.1,1.31
4,frame203,Large_Needle_Driver_Left,0.941,839.9,347.5,878.1,337.8,Large_Needle_Driver_Left_labels,39.47,87.1,3.07
4,frame204,Large_Needle_Driver_Right,0.962,895.5,531.8,876.9,549.7,Large_Needle_Driver_Right_labels,25.75,60.1,1.38
4,frame204,Large_Needle_Driver_Left,0.952,837.8,346.2,878.8,338.6,Large_Needle_Driver_Left_labels,41.69,87.0,3.24
4,frame205,Large_Needle_Driver_Right,0.969,901.2,535.8,882.5,551.9,Large_Needle_Driver_Right_labels,24.66,60.6,1.33
4,frame205,Prograsp_Forceps_Right,0.503,544.6,251.3,620.9,306.6,Large_Needle_Driver_Left_labels,94.20,86.8,7.30
4,frame205,Prograsp_Forceps_Right,0.289,613.7,317.0,620.9,306.6,Large_Needle_Driver_Left_labels,12.67,129.7,1.47
4,frame206,Large_Needle_Driver_Right,0.971,893.6,533.4,873.6,548.8,Large_Needle_Driver_Right_labels,25.22,60.9,1.37
4,frame206,Large_Needle_Driver_Left,0.881,658.5,559.8,612.2,539.9,Large_Needle_Driver_Left_labels,50.37,,
4,frame207,Large_Needle_Driver_Right,0.963,1073.3,372.6,1065.5,366.9,Large_Needle_Driver_Right_labels,9.64,72.6,0.62
4,frame207,Large_Needle_Driver_Left,0.938,787.0,281.8,801.1,273.6,Large_Needle_Driver_Left_labels,16.27,60.9,0.89
4,frame208,Large_Needle_Driver_Right,0.970,932.1,450.6,892.7,454.6,Large_Needle_Driver_Right_labels,39.66,,
4,frame208,Large_Needle_Driver_Left,0.956,833.1,233.9,863.3,225.0,Large_Needle_Driver_Left_labels,31.44,69.8,1.96
4,frame209,Large_Needle_Driver_Right,0.974,1019.8,564.9,941.8,610.7,Large_Needle_Driver_Right_labels,90.46,57.2,4.62
4,frame209,Large_Needle_Driver_Left,0.905,841.4,283.8,880.3,282.4,Large_Needle_Driver_Left_labels,38.90,83.7,2.91
4,frame210,Large_Needle_Driver_Right,0.959,1058.7,613.1,965.9,686.8,Large_Needle_Driver_Right_labels,118.56,53.5,5.66
4,frame210,Large_Needle_Driver_Left,0.919,825.1,293.1,877.2,300.7,Large_Needle_Driver_Left_labels,52.70,87.0,4.09
4,frame210,Prograsp_Forceps_Left,0.266,911.4,922.6,1055.8,949.6,Prograsp_Forceps_labels,146.90,54.8,7.19
4,frame211,Large_Needle_Driver_Left,0.917,798.8,336.8,827.9,339.9,Large_Needle_Driver_Left_labels,29.23,95.5,2.49
4,frame211,Prograsp_Forceps_Right,0.365,909.1,925.7,1055.7,951.9,Prograsp_Forceps_labels,148.93,54.6,7.26
4,frame211,Prograsp_Forceps_Left,0.280,908.4,925.7,1055.7,951.9,Prograsp_Forceps_labels,149.66,54.6,7.30
4,frame212,Large_Needle_Driver_Right,0.965,972.1,505.3,951.9,512.3,Large_Needle_Driver_Right_labels,21.40,62.9,1.20
4,frame212,Large_Needle_Driver_Left,0.933,800.2,341.5,819.1,339.0,Large_Needle_Driver_Left_labels,19.03,101.5,1.72
4,frame213,Large_Needle_Driver_Right,0.886,1057.3,348.0,1063.0,335.4,Large_Needle_Driver_Right_labels,13.87,65.9,0.82
4,frame213,Large_Needle_Driver_Right,0.714,777.1,174.1,758.8,142.7,Large_Needle_Driver_Left_labels,36.36,,
4,frame214,Large_Needle_Driver_Right,0.965,973.5,312.1,973.4,294.7,Large_Needle_Driver_Right_labels,17.37,64.1,0.99
4,frame214,Prograsp_Forceps_Right,0.735,752.5,190.9,806.8,181.5,Large_Needle_Driver_Left_labels,55.11,81.2,3.99
4,frame215,Large_Needle_Driver_Right,0.966,933.9,193.3,908.7,155.7,Large_Needle_Driver_Right_labels,45.31,65.4,2.65
4,frame216,Large_Needle_Driver_Left,0.943,701.8,262.4,831.2,326.6,Large_Needle_Driver_Left_labels,144.42,51.3,6.61
4,frame216,Large_Needle_Driver_Right,0.917,960.2,212.4,944.6,185.0,Large_Needle_Driver_Right_labels,31.50,69.7,1.96
4,frame217,Large_Needle_Driver_Right,0.956,1033.8,145.5,1028.4,106.3,Large_Needle_Driver_Right_labels,39.57,54.9,1.94
4,frame217,Large_Needle_Driver_Left,0.947,837.9,368.5,866.7,382.5,Large_Needle_Driver_Left_labels,32.01,88.7,2.53
4,frame218,Large_Needle_Driver_Left,0.640,1138.6,168.8,1106.9,250.3,Large_Needle_Driver_Left_labels,87.42,54.0,4.21
4,frame219,Large_Needle_Driver_Right,0.954,1098.1,235.9,1088.0,209.2,Large_Needle_Driver_Right_labels,28.49,69.8,1.77
4,frame219,Large_Needle_Driver_Left,0.916,759.3,326.1,758.5,315.3,Large_Needle_Driver_Left_labels,10.88,66.7,0.65
4,frame219,Large_Needle_Driver_Left,0.367,647.2,324.1,758.5,315.3,Large_Needle_Driver_Left_labels,111.64,61.4,6.11
4,frame220,Large_Needle_Driver_Right,0.951,1108.5,214.3,1101.9,191.6,Large_Needle_Driver_Right_labels,23.60,65.8,1.39
4,frame220,Large_Needle_Driver_Left,0.940,827.6,358.7,849.3,360.9,Large_Needle_Driver_Left_labels,21.73,66.0,1.28
4,frame221,Large_Needle_Driver_Right,0.946,1120.8,323.0,1125.7,300.6,Large_Needle_Driver_Right_labels,22.90,67.8,1.38
4,frame221,Large_Needle_Driver_Left,0.789,797.6,313.6,828.7,309.8,Large_Needle_Driver_Left_labels,31.30,65.4,1.83
4,frame222,Large_Needle_Driver_Right,0.969,1143.2,362.5,1107.1,367.9,Large_Needle_Driver_Right_labels,36.41,67.4,2.19
4,frame222,Large_Needle_Driver_Left,0.921,864.8,363.7,880.2,364.9,Large_Needle_Driver_Left_labels,15.47,72.6,1.00
4,frame223,Large_Needle_Driver_Right,0.951,1105.6,378.1,1118.6,370.7,Large_Needle_Driver_Right_labels,14.97,78.6,1.05
4,frame223,Large_Needle_Driver_Left,0.934,869.3,339.2,899.1,345.6,Large_Needle_Driver_Left_labels,30.45,75.0,2.04
4,frame224,Large_Needle_Driver_Right,0.964,1110.5,376.1,1104.8,367.2,Large_Needle_Driver_Right_labels,10.51,75.8,0.71
4,frame224,Large_Needle_Driver_Left,0.895,824.2,349.3,832.2,344.4,Large_Needle_Driver_Left_labels,9.42,71.5,0.60
5,frame169,Bipolar_Forceps,0.944,880.1,792.1,796.4,776.4,Bipolar_Forceps_labels,85.18,57.4,4.28
5,frame170,Bipolar_Forceps,0.914,694.5,114.2,610.9,120.3,Bipolar_Forceps_labels,83.79,52.5,3.85
5,frame171,Bipolar_Forceps,0.624,585.8,97.4,495.4,110.1,Bipolar_Forceps_labels,91.34,63.0,5.03
5,frame171,Large_Needle_Driver_Left,0.275,580.5,99.2,495.4,110.1,Bipolar_Forceps_labels,85.79,,
5,frame172,Bipolar_Forceps,0.920,682.2,101.6,569.0,107.1,Bipolar_Forceps_labels,113.29,,
5,frame173,Bipolar_Forceps,0.924,708.3,158.3,586.8,148.5,Bipolar_Forceps_labels,121.93,52.9,5.64
5,frame174,Bipolar_Forceps,0.913,759.4,241.5,626.3,235.9,Bipolar_Forceps_labels,133.13,60.8,7.08
5,frame175,Bipolar_Forceps,0.911,952.0,473.0,1013.3,444.4,Bipolar_Forceps_labels,67.72,65.9,3.91
5,frame176,Bipolar_Forceps,0.899,905.4,428.0,958.5,397.4,Bipolar_Forceps_labels,61.30,83.9,4.50
5,frame177,Bipolar_Forceps,0.941,858.7,295.2,898.2,279.1,Bipolar_Forceps_labels,42.62,,
5,frame178,Bipolar_Forceps,0.935,779.4,279.3,826.0,259.5,Bipolar_Forceps_labels,50.65,62.4,2.77
5,frame179,Bipolar_Forceps,0.928,838.7,246.5,881.7,225.0,Bipolar_Forceps_labels,48.05,65.3,2.74
5,frame180,Bipolar_Forceps,0.700,694.4,138.0,740.4,116.3,Bipolar_Forceps_labels,50.89,59.8,2.66
5,frame181,Bipolar_Forceps,0.925,781.2,182.0,821.4,157.6,Bipolar_Forceps_labels,47.06,,
5,frame182,Bipolar_Forceps,0.733,597.6,129.3,604.5,80.0,Bipolar_Forceps_labels,49.78,64.1,2.79
5,frame184,Bipolar_Forceps,0.814,900.7,464.0,949.6,456.0,Bipolar_Forceps_labels,49.49,58.0,2.51
5,frame184,Large_Needle_Driver_Left,0.499,891.9,468.0,949.6,456.0,Bipolar_Forceps_labels,58.93,57.4,2.96
5,frame185,Bipolar_Forceps,0.957,877.0,401.4,927.2,347.9,Bipolar_Forceps_labels,73.32,78.0,5.00
5,frame186,Bipolar_Forceps,0.866,848.1,258.9,938.3,211.6,Bipolar_Forceps_labels,101.80,64.6,5.75
5,frame187,Bipolar_Forceps,0.890,919.0,233.3,1032.9,192.4,Bipolar_Forceps_labels,121.01,58.0,6.14
5,frame188,Bipolar_Forceps,0.531,933.0,172.9,1027.9,130.4,Bipolar_Forceps_labels,103.94,,
5,frame190,Bipolar_Forceps,0.588,1113.7,432.2,1145.1,408.2,Bipolar_Forceps_labels,39.53,59.0,2.04
5,frame190,Large_Needle_Driver_Left,0.574,1107.8,436.3,1145.1,408.2,Bipolar_Forceps_labels,46.72,59.9,2.45
5,frame191,Bipolar_Forceps,0.874,919.3,388.1,1011.7,350.5,Bipolar_Forceps_labels,99.72,67.6,5.90
5,frame192,Large_Needle_Driver_Left,0.911,968.0,270.7,1036.9,245.5,Bipolar_Forceps_labels,73.39,,
5,frame193,Bipolar_Forceps,0.563,994.7,324.0,1045.5,298.5,Bipolar_Forceps_labels,56.86,64.0,3.18
5,frame194,Bipolar_Forceps,0.769,987.9,325.0,989.5,314.7,Bipolar_Forceps_labels,10.45,60.7,0.55
5,frame194,Large_Needle_Driver_Left,0.461,992.1,323.0,989.5,314.7,Bipolar_Forceps_labels,8.73,60.8,0.46
5,frame195,Large_Needle_Driver_Left,0.951,1011.3,363.2,1060.6,347.0,Bipolar_Forceps_labels,51.93,59.6,2.71
5,frame196,Large_Needle_Driver_Left,0.707,1033.0,344.9,1128.5,236.0,Bipolar_Forceps_labels,144.82,68.0,8.61
5,frame198,Large_Needle_Driver_Left,0.901,1091.1,272.1,1103.6,264.5,Bipolar_Forceps_labels,14.69,81.7,1.05
5,frame199,Large_Needle_Driver_Left,0.767,1037.8,315.8,1120.3,244.8,Bipolar_Forceps_labels,108.86,52.5,5.00
5,frame203,Large_Needle_Driver_Left,0.697,1098.9,269.7,1086.8,257.3,Bipolar_Forceps_labels,17.27,127.4,1.92
5,frame217,Bipolar_Forceps,0.563,1029.9,406.6,969.3,398.4,Bipolar_Forceps_labels,61.10,71.3,3.81
5,frame217,Large_Needle_Driver_Left,0.489,1031.5,407.1,969.3,398.4,Bipolar_Forceps_labels,62.78,71.2,3.91
5,frame221,Bipolar_Forceps,0.381,729.4,327.5,595.6,364.9,Bipolar_Forceps_labels,138.94,70.5,8.57
5,frame222,Bipolar_Forceps,0.348,774.2,326.1,665.3,358.6,Bipolar_Forceps_labels,113.66,67.0,6.66
5,frame222,Bipolar_Forceps,0.281,600.5,370.3,665.3,358.6,Bipolar_Forceps_labels,65.80,52.5,3.02
5,frame223,Bipolar_Forceps,0.430,713.3,303.3,689.7,294.9,Bipolar_Forceps_labels,25.11,82.9,1.82
5,frame224,Large_Needle_Driver_Left,0.452,620.4,276.3,638.0,242.2,Bipolar_Forceps_labels,38.44,,
5,frame224,Bipolar_Forceps,0.414,622.3,275.2,638.0,242.2,Bipolar_Forceps_labels,36.57,,
6,frame169,Large_Needle_Driver_Right,0.725,1337.9,254.7,1392.2,220.9,Right_Large_Needle_Driver_labels,63.92,54.3,3.07
6,frame170,Large_Needle_Driver_Left,0.924,705.2,503.1,636.1,496.6,Left_Large_Needle_Driver_labels,69.39,,
6,frame170,Large_Needle_Driver_Right,0.800,1382.6,311.4,1457.9,283.4,Right_Large_Needle_Driver_labels,80.39,,
6,frame171,Large_Needle_Driver_Right,0.618,1307.3,422.3,1368.0,411.7,Right_Large_Needle_Driver_labels,61.65,,
6,frame172,Large_Needle_Driver_Left,0.809,732.8,349.1,748.1,348.2,Left_Large_Needle_Driver_labels,15.36,67.7,0.92
6,frame173,Large_Needle_Driver_Right,0.961,1045.1,319.9,934.6,368.1,Right_Large_Needle_Driver_labels,120.53,,
6,frame173,Large_Needle_Driver_Left,0.886,763.6,380.5,808.9,416.1,Left_Large_Needle_Driver_labels,57.62,52.0,2.65
6,frame174,Large_Needle_Driver_Right,0.938,1034.6,318.5,920.5,371.4,Right_Large_Needle_Driver_labels,125.67,53.6,5.96
6,frame174,Large_Needle_Driver_Left,0.910,771.6,383.8,811.4,414.9,Left_Large_Needle_Driver_labels,50.41,52.0,2.32
6,frame175,Large_Needle_Driver_Right,0.750,1196.1,253.3,1242.0,238.2,Right_Large_Needle_Driver_labels,48.29,63.1,2.70
6,frame175,Large_Needle_Driver_Left,0.671,689.7,544.0,677.4,541.7,Left_Large_Needle_Driver_labels,12.50,,
6,frame176,Large_Needle_Driver_Right,0.357,670.4,421.0,694.3,434.3,Left_Large_Needle_Driver_labels,27.35,,
6,frame177,Large_Needle_Driver_Right,0.907,1092.2,377.7,1087.4,377.3,Right_Large_Needle_Driver_labels,4.82,,
6,frame177,Large_Needle_Driver_Left,0.595,650.3,440.5,644.4,448.3,Left_Large_Needle_Driver_labels,9.81,57.9,0.50
6,frame178,Large_Needle_Driver_Right,0.499,1119.5,318.2,994.1,334.0,Right_Large_Needle_Driver_labels,126.33,52.7,5.89
6,frame178,Large_Needle_Driver_Left,0.330,767.9,373.6,741.1,362.1,Left_Large_Needle_Driver_labels,29.18,53.6,1.38
6,frame179,Large_Needle_Driver_Right,0.693,950.3,349.0,900.5,362.0,Right_Large_Needle_Driver_labels,51.45,,
6,frame179,Large_Needle_Driver_Left,0.501,760.1,351.4,754.9,336.1,Left_Large_Needle_Driver_labels,16.24,60.4,0.87
6,frame180,Large_Needle_Driver_Left,0.837,724.6,390.4,771.6,383.1,Left_Large_Needle_Driver_labels,47.61,,
6,frame180,Large_Needle_Driver_Right,0.813,947.4,309.8,907.4,318.8,Right_Large_Needle_Driver_labels,40.95,,
6,frame180,Large_Needle_Driver_Left,0.610,944.2,310.9,907.4,318.8,Right_Large_Needle_Driver_labels,37.64,,
6,frame181,Large_Needle_Driver_Right,0.863,970.5,331.6,899.2,345.0,Right_Large_Needle_Driver_labels,72.53,,
6,frame181,Large_Needle_Driver_Left,0.465,746.3,371.4,776.4,346.6,Left_Large_Needle_Driver_labels,38.98,,
6,frame182,Large_Needle_Driver_Right,0.895,1198.2,325.8,1056.2,356.4,Right_Large_Needle_Driver_labels,145.28,55.6,7.15
6,frame182,Large_Needle_Driver_Left,0.271,836.1,375.1,843.4,371.5,Left_Large_Needle_Driver_labels,8.19,70.9,0.51
6,frame183,Large_Needle_Driver_Right,0.961,1134.7,453.3,1132.6,463.2,Right_Large_Needle_Driver_labels,10.14,98.9,0.89
6,frame183,Large_Needle_Driver_Left,0.326,723.5,543.0,689.1,527.1,Left_Large_Needle_Driver_labels,37.92,,
6,frame184,Large_Needle_Driver_Right,0.756,1134.4,480.4,1139.4,487.7,Right_Large_Needle_Driver_labels,8.80,,
6,frame184,Large_Needle_Driver_Right,0.369,1266.9,437.2,1139.4,487.7,Right_Large_Needle_Driver_labels,137.19,,
6,frame185,Large_Needle_Driver_Right,0.780,1105.2,855.2,1142.6,863.1,Right_Large_Needle_Driver_labels,38.23,,
6,frame186,Large_Needle_Driver_Right,0.587,1188.7,994.2,1219.3,1011.0,Right_Large_Needle_Driver_labels,34.93,,
6,frame186,Large_Needle_Driver_Left,0.384,830.8,421.2,855.4,421.8,Left_Large_Needle_Driver_labels,24.66,,
6,frame187,Large_Needle_Driver_Right,0.668,1460.5,1000.5,1531.5,1005.3,Right_Large_Needle_Driver_labels,71.11,52.0,3.27
6,frame187,Large_Needle_Driver_Left,0.315,792.1,400.0,799.9,396.4,Left_Large_Needle_Driver_labels,8.59,52.0,0.39
6,frame189,Large_Needle_Driver_Right,0.733,1221.3,957.7,1278.7,959.7,Right_Large_Needle_Driver_labels,57.42,52.5,2.67
6,frame189,Large_Needle_Driver_Left,0.369,740.3,241.6,747.1,227.4,Left_Large_Needle_Driver_labels,15.71,,
6,frame190,Large_Needle_Driver_Left,0.763,743.4,249.7,748.6,236.8,Left_Large_Needle_Driver_labels,13.93,,
6,frame190,Large_Needle_Driver_Right,0.347,1329.0,999.6,1384.6,1002.9,Right_Large_Needle_Driver_labels,55.68,,
6,frame192,Large_Needle_Driver_Right,0.954,924.7,398.3,870.6,427.4,Right_Large_Needle_Driver_labels,61.45,,
6,frame192,Large_Needle_Driver_Left,0.537,789.1,377.6,776.5,364.3,Left_Large_Needle_Driver_labels,18.37,,
6,frame193,Large_Needle_Driver_Right,0.959,1113.5,221.1,1014.8,247.7,Right_Large_Needle_Driver_labels,102.24,,
6,frame194,Large_Needle_Driver_Right,0.764,1095.3,412.9,1099.7,403.6,Right_Large_Needle_Driver_labels,10.30,,
6,frame194,Large_Needle_Driver_Right,0.299,990.5,839.4,1013.0,863.9,Left_Large_Needle_Driver_labels,33.25,,
6,frame195,Large_Needle_Driver_Right,0.963,978.6,114.8,965.9,84.5,Right_Large_Needle_Driver_labels,32.82,,
6,frame195,Large_Needle_Driver_Left,0.585,934.0,802.1,1036.1,813.9,Left_Large_Needle_Driver_labels,102.82,52.0,4.73
6,frame195,Large_Needle_Driver_Right,0.462,934.1,802.1,1036.1,813.9,Left_Large_Needle_Driver_labels,102.73,52.0,4.72
6,frame196,Large_Needle_Driver_Right,0.966,978.5,113.4,965.4,83.2,Right_Large_Needle_Driver_labels,32.87,75.1,2.18
6,frame196,Large_Needle_Driver_Left,0.818,933.9,832.9,1077.8,816.6,Left_Large_Needle_Driver_labels,144.84,,
6,frame197,Large_Needle_Driver_Right,0.946,1010.2,169.4,1004.8,143.9,Right_Large_Needle_Driver_labels,26.07,,
6,frame198,Large_Needle_Driver_Right,0.920,1057.0,727.8,1108.8,782.9,Left_Large_Needle_Driver_labels,75.66,61.0,4.08
6,frame199,Large_Needle_Driver_Left,0.845,892.2,356.7,902.3,348.1,Left_Large_Needle_Driver_labels,13.34,52.0,0.61
6,frame199,Large_Needle_Driver_Right,0.654,1315.8,955.2,1388.1,966.0,Right_Large_Needle_Driver_labels,73.05,,
6,frame200,Large_Needle_Driver_Left,0.821,757.5,212.7,763.5,199.2,Left_Large_Needle_Driver_labels,14.77,52.0,0.68
6,frame200,Large_Needle_Driver_Right,0.280,1236.7,857.9,1286.4,872.3,Right_Large_Needle_Driver_labels,51.75,,
6,frame201,Large_Needle_Driver_Right,0.698,1258.5,766.0,1329.3,781.4,Right_Large_Needle_Driver_labels,72.49,,
6,frame202,Large_Needle_Driver_Left,0.917,1015.0,687.0,1065.4,727.1,Left_Large_Needle_Driver_labels,64.47,,
6,frame202,Large_Needle_Driver_Right,0.757,1217.1,731.4,1268.2,749.6,Right_Large_Needle_Driver_labels,54.25,,
6,frame203,Large_Needle_Driver_Right,0.859,1377.4,717.3,1311.0,764.8,Right_Large_Needle_Driver_labels,81.64,,
6,frame203,Large_Needle_Driver_Left,0.811,667.9,604.6,629.1,602.0,Left_Large_Needle_Driver_labels,38.89,60.3,2.08
6,frame204,Large_Needle_Driver_Left,0.797,692.2,598.4,662.7,601.7,Left_Large_Needle_Driver_labels,29.61,67.7,1.77
6,frame204,Large_Needle_Driver_Right,0.298,1324.4,659.5,1361.1,667.9,Right_Large_Needle_Driver_labels,37.66,,
6,frame205,Large_Needle_Driver_Right,0.908,1126.7,510.8,1186.5,576.7,Right_Large_Needle_Driver_labels,88.99,,
6,frame206,Large_Needle_Driver_Left,0.705,980.2,657.1,990.6,679.8,Left_Large_Needle_Driver_labels,24.93,83.9,1.85
6,frame206,Large_Needle_Driver_Right,0.667,983.8,655.5,990.6,679.8,Left_Large_Needle_Driver_labels,25.24,83.9,1.87
6,frame206,Large_Needle_Driver_Right,0.376,1069.6,554.3,1093.2,560.3,Right_Large_Needle_Driver_labels,24.32,96.6,2.08
6,frame208,Large_Needle_Driver_Right,0.923,1082.2,373.5,950.1,333.5,Right_Large_Needle_Driver_labels,138.02,52.0,6.35
6,frame208,Large_Needle_Driver_Left,0.852,664.5,551.6,608.0,552.8,Left_Large_Needle_Driver_labels,56.59,52.6,2.63
6,frame209,Large_Needle_Driver_Left,0.915,701.8,563.3,660.9,563.8,Left_Large_Needle_Driver_labels,40.89,,
6,frame210,Large_Needle_Driver_Right,0.942,1019.7,381.2,962.5,394.3,Right_Large_Needle_Driver_labels,58.71,,
6,frame210,Large_Needle_Driver_Left,0.783,758.1,519.0,784.4,550.6,Left_Large_Needle_Driver_labels,41.05,,
6,frame211,Large_Needle_Driver_Left,0.712,825.2,504.2,836.5,510.4,Left_Large_Needle_Driver_labels,12.90,,
6,frame211,Large_Needle_Driver_Right,0.491,1067.1,582.0,1060.2,589.7,Right_Large_Needle_Driver_labels,10.37,,
6,frame212,Large_Needle_Driver_Left,0.708,809.1,493.2,827.3,494.4,Left_Large_Needle_Driver_labels,18.24,,
6,frame212,Large_Needle_Driver_Right,0.649,940.1,527.4,944.4,534.3,Right_Large_Needle_Driver_labels,8.15,,
6,frame213,Large_Needle_Driver_Right,0.695,994.4,555.9,925.0,568.6,Right_Large_Needle_Driver_labels,70.51,,
6,frame216,Large_Needle_Driver_Right,0.762,1179.4,386.9,1173.8,386.4,Right_Large_Needle_Driver_labels,5.68,,
6,frame217,Large_Needle_Driver_Right,0.920,1216.3,288.7,1218.6,285.2,Right_Large_Needle_Driver_labels,4.21,56.1,0.21
6,frame217,Large_Needle_Driver_Right,0.592,872.7,757.6,968.4,811.5,Left_Large_Needle_Driver_labels,109.78,61.6,5.98
6,frame217,Large_Needle_Driver_Right,0.354,1101.6,818.7,968.4,811.5,Left_Large_Needle_Driver_labels,133.45,,
6,frame218,Large_Needle_Driver_Right,0.554,1388.9,301.6,1248.4,333.6,Right_Large_Needle_Driver_labels,144.14,,
6,frame219,Large_Needle_Driver_Right,0.936,1006.5,403.6,986.1,416.4,Right_Large_Needle_Driver_labels,24.04,,
6,frame219,Large_Needle_Driver_Left,0.894,741.2,406.4,728.9,402.2,Left_Large_Needle_Driver_labels,12.98,52.8,0.61
6,frame220,Large_Needle_Driver_Right,0.842,1141.3,481.6,1158.9,478.1,Right_Large_Needle_Driver_labels,17.92,,
6,frame220,Large_Needle_Driver_Left,0.807,858.9,482.2,846.2,484.2,Left_Large_Needle_Driver_labels,12.90,,
6,frame221,Large_Needle_Driver_Right,0.922,1249.2,423.7,1130.3,476.1,Right_Large_Needle_Driver_labels,129.96,52.7,6.07
6,frame221,Large_Needle_Driver_Left,0.765,556.5,471.7,452.7,494.9,Left_Large_Needle_Driver_labels,106.38,,
6,frame222,Large_Needle_Driver_Right,0.944,1008.2,406.6,1016.0,403.7,Right_Large_Needle_Driver_labels,8.37,,
6,frame222,Large_Needle_Driver_Left,0.654,564.5,482.1,466.8,499.8,Left_Large_Needle_Driver_labels,99.29,,
6,frame223,Large_Needle_Driver_Right,0.902,1007.6,407.4,1031.9,402.2,Right_Large_Needle_Driver_labels,24.87,,
6,frame223,Large_Needle_Driver_Left,0.611,575.7,483.3,478.9,504.5,Left_Large_Needle_Driver_labels,99.06,,
6,frame224,Large_Needle_Driver_Right,0.944,1016.0,433.9,1025.7,432.4,Right_Large_Needle_Driver_labels,9.86,,
6,frame224,Large_Needle_Driver_Left,0.296,576.4,483.1,478.4,505.6,Left_Large_Needle_Driver_labels,100.49,,
7,frame169,Bipolar_Forceps,0.951,711.1,365.0,621.9,385.6,Left_Bipolar_Forceps,91.51,,
7,frame170,Bipolar_Forceps,0.939,834.3,239.9,768.4,219.9,Left_Bipolar_Forceps,68.83,,
7,frame173,Prograsp_Forceps_Right,0.484,969.3,265.9,877.1,198.0,Left_Bipolar_Forceps,114.50,,
7,frame173,Bipolar_Forceps,0.260,969.4,265.9,877.1,198.0,Left_Bipolar_Forceps,114.57,,
7,frame223,Prograsp_Forceps_Right,0.770,524.9,417.8,498.7,401.7,Left_Bipolar_Forceps,30.71,51.2,1.41
7,frame224,Prograsp_Forceps_Right,0.860,768.6,316.7,752.6,297.5,Left_Bipolar_Forceps,24.93,,
8,frame169,Monopolar_Curved_Scissors,0.923,1195.5,674.3,1180.3,670.0,Monopolar_Curved_Scissors_labels,15.83,79.9,1.11
8,frame169,Bipolar_Forceps,0.303,1065.1,232.5,1061.7,200.2,Left_Grasping_Retractor_labels,32.46,64.7,1.85
8,frame170,Monopolar_Curved_Scissors,0.920,1197.8,670.9,1189.8,671.6,Monopolar_Curved_Scissors_labels,8.02,79.5,0.56
8,frame170,Prograsp_Forceps_Right,0.274,1023.0,290.4,1059.4,270.4,Bipolar_Forceps_labels,41.56,130.6,4.77
8,frame171,Monopolar_Curved_Scissors,0.927,1176.2,665.1,1159.6,662.2,Monopolar_Curved_Scissors_labels,16.82,78.8,1.17
8,frame171,Bipolar_Forceps,0.402,1018.6,276.1,1059.4,270.4,Bipolar_Forceps_labels,41.20,,
8,frame172,Monopolar_Curved_Scissors,0.895,1152.6,634.6,1129.2,624.4,Monopolar_Curved_Scissors_labels,25.54,78.0,1.75
8,frame172,Bipolar_Forceps,0.262,1038.0,294.4,1059.4,270.4,Bipolar_Forceps_labels,32.15,134.8,3.81
8,frame173,Monopolar_Curved_Scissors,0.911,1124.3,631.2,1115.8,629.4,Monopolar_Curved_Scissors_labels,8.67,78.8,0.60
8,frame173,Bipolar_Forceps,0.699,1034.3,283.5,1059.4,270.4,Bipolar_Forceps_labels,28.29,115.4,2.87
8,frame173,Prograsp_Forceps_Right,0.422,1026.5,280.6,1059.4,270.4,Bipolar_Forceps_labels,34.41,114.7,3.47
8,frame173,Prograsp_Forceps_Left,0.263,917.5,584.2,882.1,589.3,Left_Grasping_Retractor_labels,35.85,115.0,3.63
8,frame174,Monopolar_Curved_Scissors,0.930,1174.7,624.1,1162.8,618.5,Monopolar_Curved_Scissors_labels,13.09,71.8,0.83
8,frame174,Bipolar_Forceps,0.606,1044.2,279.2,1065.8,259.8,Bipolar_Forceps_labels,29.00,,
8,frame175,Monopolar_Curved_Scissors,0.897,1154.9,615.4,1143.8,608.6,Monopolar_Curved_Scissors_labels,13.01,,
8,frame175,Bipolar_Forceps,0.629,1047.6,294.4,1059.8,267.0,Bipolar_Forceps_labels,30.05,138.5,3.66
8,frame175,Prograsp_Forceps_Right,0.276,987.2,308.9,1059.8,267.0,Bipolar_Forceps_labels,83.77,79.1,5.83
8,frame176,Monopolar_Curved_Scissors,0.932,1116.7,595.0,1100.5,581.3,Monopolar_Curved_Scissors_labels,21.22,76.2,1.42
8,frame177,Monopolar_Curved_Scissors,0.931,1106.5,604.2,1096.9,592.4,Monopolar_Curved_Scissors_labels,15.21,83.8,1.12
8,frame177,Bipolar_Forceps,0.731,1048.7,274.9,1064.6,264.8,Bipolar_Forceps_labels,18.80,,
8,frame178,Monopolar_Curved_Scissors,0.946,1083.9,601.7,1073.0,574.9,Monopolar_Curved_Scissors_labels,28.93,73.0,1.86
8,frame178,Prograsp_Forceps_Right,0.692,707.9,223.9,607.3,231.9,Left_Grasping_Retractor_labels,100.84,133.2,11.82
8,frame178,Prograsp_Forceps_Right,0.685,1104.9,245.1,1126.5,248.0,Bipolar_Forceps_labels,21.76,,
8,frame179,Monopolar_Curved_Scissors,0.918,1124.9,544.5,1104.2,501.2,Monopolar_Curved_Scissors_labels,47.96,70.7,2.99
8,frame179,Bipolar_Forceps,0.312,1142.7,245.2,1139.0,237.3,Bipolar_Forceps_labels,8.70,138.0,1.06
8,frame180,Monopolar_Curved_Scissors,0.896,1135.9,465.9,1119.4,430.7,Monopolar_Curved_Scissors_labels,38.84,78.5,2.68
8,frame180,Prograsp_Forceps_Right,0.549,1127.7,231.3,1140.0,238.0,Bipolar_Forceps_labels,14.02,,
8,frame180,Prograsp_Forceps_Right,0.376,830.4,335.3,918.3,357.9,Left_Grasping_Retractor_labels,90.73,,
8,frame180,Large_Needle_Driver_Right,0.284,1133.5,231.4,1140.0,238.0,Bipolar_Forceps_labels,9.30,,
8,frame181,Monopolar_Curved_Scissors,0.916,1138.4,471.8,1121.4,435.4,Monopolar_Curved_Scissors_labels,40.14,77.4,2.74
8,frame181,Prograsp_Forceps_Right,0.371,1136.0,230.5,1140.0,238.0,Bipolar_Forceps_labels,8.56,,
8,frame182,Monopolar_Curved_Scissors,0.908,1142.3,471.9,1124.4,434.4,Monopolar_Curved_Scissors_labels,41.52,76.5,2.80
8,frame182,Prograsp_Forceps_Right,0.786,1138.2,251.1,1140.0,238.0,Bipolar_Forceps_labels,13.16,141.2,1.64
8,frame182,Prograsp_Forceps_Right,0.284,772.7,527.4,695.5,501.5,Left_Grasping_Retractor_labels,81.41,145.9,10.45
8,frame183,Prograsp_Forceps_Right,0.655,1137.9,248.1,1140.0,238.0,Bipolar_Forceps_labels,10.29,135.0,1.22
8,frame187,Large_Needle_Driver_Left,0.329,1089.6,230.8,1140.0,238.0,Bipolar_Forceps_labels,50.93,,
8,frame188,Prograsp_Forceps_Right,0.690,1149.6,254.2,1140.0,238.0,Bipolar_Forceps_labels,18.82,124.0,2.05
8,frame188,Monopolar_Curved_Scissors,0.595,1066.5,386.8,1027.5,358.4,Monopolar_Curved_Scissors_labels,48.24,89.0,3.78
8,frame188,Large_Needle_Driver_Left,0.309,1148.6,254.7,1140.0,238.0,Bipolar_Forceps_labels,18.78,124.0,2.05
8,frame189,Monopolar_Curved_Scissors,0.865,1053.9,391.8,1020.6,351.7,Monopolar_Curved_Scissors_labels,52.12,86.2,3.95
8,frame189,Prograsp_Forceps_Right,0.718,1141.0,255.0,1140.0,238.0,Bipolar_Forceps_labels,17.01,133.4,2.00
8,frame190,Monopolar_Curved_Scissors,0.727,1076.1,394.9,1045.8,356.1,Monopolar_Curved_Scissors_labels,49.23,94.4,4.09
8,frame190,Large_Needle_Driver_Left,0.478,936.3,464.8,970.0,434.0,Bipolar_Forceps_labels,45.58,86.8,3.48
8,frame190,Maryland_Bipolar_Forceps,0.311,936.0,465.9,970.0,434.0,Bipolar_Forceps_labels,46.59,86.8,3.56
8,frame192,Monopolar_Curved_Scissors,0.455,1029.3,341.4,990.1,300.1,Monopolar_Curved_Scissors_labels,56.98,114.5,5.74
8,frame193,Prograsp_Forceps_Right,0.844,851.2,407.6,949.9,297.6,Monopolar_Curved_Scissors_labels,147.76,,
8,frame193,Monopolar_Curved_Scissors,0.760,990.1,347.7,949.9,297.6,Monopolar_Curved_Scissors_labels,64.19,107.6,6.07
8,frame194,Monopolar_Curved_Scissors,0.915,1003.1,385.4,954.8,333.0,Monopolar_Curved_Scissors_labels,71.30,79.9,5.01
8,frame194,Large_Needle_Driver_Left,0.908,853.0,442.4,876.3,378.2,Bipolar_Forceps_labels,68.30,,
8,frame195,Large_Needle_Driver_Left,0.901,824.2,382.8,856.3,336.7,Bipolar_Forceps_labels,56.17,85.3,4.21
8,frame195,Monopolar_Curved_Scissors,0.777,1005.3,361.6,955.7,313.4,Monopolar_Curved_Scissors_labels,69.15,105.5,6.42
8,frame196,Monopolar_Curved_Scissors,0.946,948.8,420.1,890.7,378.4,Monopolar_Curved_Scissors_labels,71.44,,
8,frame196,Large_Needle_Driver_Left,0.843,799.0,447.0,823.4,428.2,Bipolar_Forceps_labels,30.81,67.7,1.84
8,frame197,Monopolar_Curved_Scissors,0.946,959.3,426.9,867.6,354.1,Monopolar_Curved_Scissors_labels,117.12,,
8,frame197,Large_Needle_Driver_Left,0.875,846.4,510.1,831.2,475.6,Bipolar_Forceps_labels,37.77,97.4,3.24
8,frame197,Bipolar_Forceps,0.702,828.7,489.7,831.2,475.6,Bipolar_Forceps_labels,14.34,69.6,0.88
8,frame198,Monopolar_Curved_Scissors,0.865,1050.2,341.7,995.2,301.4,Monopolar_Curved_Scissors_labels,68.20,87.4,5.25
8,frame198,Large_Needle_Driver_Left,0.803,802.0,434.4,809.2,429.7,Bipolar_Forceps_labels,8.60,84.1,0.64
8,frame198,Bipolar_Forceps,0.715,801.9,434.2,809.2,429.7,Bipolar_Forceps_labels,8.52,84.1,0.63
8,frame198,Large_Needle_Driver_Left,0.626,725.0,504.5,809.2,429.7,Bipolar_Forceps_labels,112.61,,
8,frame199,Monopolar_Curved_Scissors,0.920,969.2,391.1,909.2,376.2,Monopolar_Curved_Scissors_labels,61.84,74.0,4.03
8,frame199,Bipolar_Forceps,0.882,715.7,472.8,717.2,469.0,Bipolar_Forceps_labels,4.16,,
8,frame199,Large_Needle_Driver_Left,0.367,713.5,473.9,717.2,469.0,Bipolar_Forceps_labels,6.24,,
8,frame200,Bipolar_Forceps,0.793,684.1,472.0,692.1,462.2,Bipolar_Forceps_labels,12.63,78.7,0.88
8,frame200,Large_Needle_Driver_Left,0.386,684.1,472.1,692.1,462.2,Bipolar_Forceps_labels,12.68,78.7,0.88
8,frame201,Large_Needle_Driver_Left,0.919,966.2,394.6,892.8,373.9,Monopolar_Curved_Scissors_labels,76.26,79.6,5.34
8,frame201,Bipolar_Forceps,0.909,667.5,465.8,659.9,470.3,Bipolar_Forceps_labels,8.76,75.2,0.58
8,frame201,Monopolar_Curved_Scissors,0.679,965.4,394.5,892.8,373.9,Monopolar_Curved_Scissors_labels,75.42,79.6,5.28
8,frame202,Bipolar_Forceps,0.922,668.8,464.9,667.5,463.6,Bipolar_Forceps_labels,1.87,75.8,0.12
8,frame202,Monopolar_Curved_Scissors,0.920,939.0,424.0,863.8,403.5,Monopolar_Curved_Scissors_labels,77.93,89.2,6.12
8,frame203,Bipolar_Forceps,0.898,675.2,459.3,669.3,460.2,Bipolar_Forceps_labels,6.01,75.5,0.40
8,frame203,Monopolar_Curved_Scissors,0.885,1010.0,407.0,960.4,388.1,Monopolar_Curved_Scissors_labels,53.14,87.8,4.11
8,frame204,Monopolar_Curved_Scissors,0.893,1026.2,427.5,961.8,407.2,Monopolar_Curved_Scissors_labels,67.45,,
8,frame204,Bipolar_Forceps,0.827,686.8,455.2,689.0,452.1,Bipolar_Forceps_labels,3.86,76.2,0.26
8,frame205,Large_Needle_Driver_Left,0.931,853.2,419.5,894.4,424.5,Bipolar_Forceps_labels,41.53,73.2,2.67
8,frame205,Monopolar_Curved_Scissors,0.914,1035.2,444.7,980.1,427.4,Monopolar_Curved_Scissors_labels,57.72,82.7,4.20
8,frame206,Monopolar_Curved_Scissors,0.928,1029.0,449.7,969.2,431.5,Monopolar_Curved_Scissors_labels,62.54,79.9,4.40
8,frame206,Large_Needle_Driver_Left,0.917,856.0,395.9,898.3,414.7,Bipolar_Forceps_labels,46.20,95.1,3.86
8,frame207,Large_Needle_Driver_Left,0.927,903.5,291.5,944.5,302.2,Bipolar_Forceps_labels,42.33,80.7,3.01
8,frame207,Monopolar_Curved_Scissors,0.897,1027.8,380.3,962.1,335.8,Monopolar_Curved_Scissors_labels,79.43,75.0,5.24
8,frame208,Large_Needle_Driver_Left,0.912,938.4,225.0,979.7,229.0,Bipolar_Forceps_labels,41.48,,
8,frame208,Monopolar_Curved_Scissors,0.888,1056.3,345.8,1003.4,303.3,Monopolar_Curved_Scissors_labels,67.79,86.7,5.17
8,frame209,Large_Needle_Driver_Left,0.941,941.3,200.8,981.5,201.9,Bipolar_Forceps_labels,40.23,80.2,2.84
8,frame209,Monopolar_Curved_Scissors,0.907,1052.0,334.0,1011.0,289.7,Monopolar_Curved_Scissors_labels,60.36,69.8,3.71
8,frame210,Large_Needle_Driver_Left,0.944,939.3,201.1,980.5,200.9,Bipolar_Forceps_labels,41.18,,
8,frame210,Monopolar_Curved_Scissors,0.873,1089.6,373.9,1043.2,323.1,Monopolar_Curved_Scissors_labels,68.78,73.8,4.47
8,frame211,Large_Needle_Driver_Left,0.942,939.6,195.0,976.1,194.7,Bipolar_Forceps_labels,36.56,,
8,frame211,Monopolar_Curved_Scissors,0.936,1063.6,357.6,1022.3,305.6,Monopolar_Curved_Scissors_labels,66.45,74.9,4.38
8,frame212,Large_Needle_Driver_Left,0.941,938.8,189.9,974.7,188.3,Bipolar_Forceps_labels,35.91,81.3,2.57
8,frame212,Monopolar_Curved_Scissors,0.902,1072.6,335.2,1048.8,295.1,Monopolar_Curved_Scissors_labels,46.57,70.9,2.91
8,frame213,Large_Needle_Driver_Left,0.943,926.1,190.9,961.0,188.8,Bipolar_Forceps_labels,34.97,82.3,2.53
8,frame213,Monopolar_Curved_Scissors,0.915,1093.1,382.3,1070.6,343.2,Monopolar_Curved_Scissors_labels,45.12,76.6,3.04
8,frame214,Large_Needle_Driver_Left,0.951,929.9,188.4,964.6,185.9,Bipolar_Forceps_labels,34.79,80.9,2.48
8,frame214,Monopolar_Curved_Scissors,0.896,1085.6,399.2,1043.4,344.5,Monopolar_Curved_Scissors_labels,68.98,73.1,4.44
8,frame215,Large_Needle_Driver_Left,0.948,930.0,187.5,970.0,186.9,Bipolar_Forceps_labels,39.97,82.9,2.92
8,frame215,Monopolar_Curved_Scissors,0.915,1078.4,394.9,1044.3,345.5,Monopolar_Curved_Scissors_labels,60.01,73.8,3.90
8,frame216,Large_Needle_Driver_Left,0.946,932.9,186.6,971.7,184.7,Bipolar_Forceps_labels,38.87,,
8,frame216,Monopolar_Curved_Scissors,0.878,1080.6,409.4,1046.7,361.2,Monopolar_Curved_Scissors_labels,58.88,72.9,3.78
8,frame217,Large_Needle_Driver_Left,0.938,940.3,206.0,969.7,200.9,Bipolar_Forceps_labels,29.80,98.4,2.58
8,frame217,Monopolar_Curved_Scissors,0.870,1098.5,413.2,1066.3,365.6,Monopolar_Curved_Scissors_labels,57.50,72.4,3.66
8,frame218,Monopolar_Curved_Scissors,0.933,970.7,504.6,927.5,463.3,Monopolar_Curved_Scissors_labels,59.75,76.2,4.00
8,frame218,Large_Needle_Driver_Left,0.875,812.9,485.3,839.3,487.0,Bipolar_Forceps_labels,26.47,78.5,1.83
8,frame219,Monopolar_Curved_Scissors,0.923,996.9,488.4,949.4,437.5,Monopolar_Curved_Scissors_labels,69.55,79.7,4.88
8,frame219,Large_Needle_Driver_Left,0.581,837.8,533.2,790.2,479.6,Bipolar_Forceps_labels,71.76,97.6,6.16
8,frame220,Monopolar_Curved_Scissors,0.924,948.4,486.4,905.1,442.8,Monopolar_Curved_Scissors_labels,61.47,63.5,3.43
8,frame220,Bipolar_Forceps,0.906,790.1,450.5,807.1,447.9,Bipolar_Forceps_labels,17.12,54.5,0.82
8,frame221,Monopolar_Curved_Scissors,0.932,1025.6,469.6,980.0,424.7,Monopolar_Curved_Scissors_labels,63.99,67.6,3.80
8,frame221,Large_Needle_Driver_Left,0.915,888.7,457.5,892.3,420.4,Bipolar_Forceps_labels,37.31,62.8,2.06
8,frame222,Monopolar_Curved_Scissors,0.932,1016.0,505.9,969.7,453.6,Monopolar_Curved_Scissors_labels,69.89,71.8,4.41
8,frame222,Large_Needle_Driver_Left,0.911,869.7,361.1,904.6,352.4,Bipolar_Forceps_labels,35.94,65.2,2.06
8,frame223,Monopolar_Curved_Scissors,0.931,977.3,458.8,936.4,419.2,Monopolar_Curved_Scissors_labels,56.93,62.9,3.15
8,frame223,Bipolar_Forceps,0.882,792.5,404.5,800.3,399.2,Bipolar_Forceps_labels,9.46,57.1,0.47
8,frame223,Large_Needle_Driver_Left,0.631,791.4,404.5,800.3,399.2,Bipolar_Forceps_labels,10.37,57.2,0.52
8,frame224,Monopolar_Curved_Scissors,0.943,1011.4,464.8,968.7,415.0,Monopolar_Curved_Scissors_labels,65.61,70.5,4.07
8,frame224,Large_Needle_Driver_Left,0.901,828.6,423.1,859.5,400.4,Bipolar_Forceps_labels,38.37,60.7,2.05
